{
    "enable_support": "1",
    "from": "User",
    "inherits": "0.20mm Standard @BBL X1C",
    "inner_wall_speed": [
        "200"
    ],
    "internal_solid_infill_speed": [
        "200"
    ],
    "is_infill_first": "1",
    "name": "0.2-T2CAD-ABS",
    "outer_wall_speed": [
        "50"
    ],
    "print_extruder_id": [
        "1"
    ],
    "print_extruder_variant": [
        "Direct Drive Standard"
    ],
    "print_settings_id": "0.2-T2CAD-ABS",
    "resolution": "0.0001",
    "skeleton_infill_density": "50%",
    "skin_infill_density": "50%",
    "sparse_infill_density": "50%",
    "sparse_infill_pattern": "triangles",
    "sparse_infill_speed": [
        "200"
    ],
    "top_color_penetration_layers": "3",
    "top_one_wall_type": "not apply",
    "top_shell_layers": "3",
    "top_shell_thickness": "0.6",
    "travel_speed": [
        "250"
    ],
    "version": "2.1.0.18",
    "wall_loops": "3",
    "wall_sequence": "outer wall/inner wall",
    "xy_contour_compensation": "0.113",
    "xy_hole_compensation": "0.126"
}
