{
    "bottom_color_penetration_layers": "3",
    "bottom_shell_layers": "3",
    "bottom_surface_pattern": "alignedrectilinear",
    "enable_prime_tower": "0",
    "enable_support": "1",
    "from": "User",
    "independent_support_layer_height": "0",
    "inherits": "0.08mm High Quality @BBL X1C",
    "internal_solid_infill_pattern": "alignedrectilinear",
    "name": "0.08-T2CAD-ABS.HIPS",
    "print_extruder_id": [
        "1"
    ],
    "print_extruder_variant": [
        "Direct Drive Standard"
    ],
    "print_settings_id": "0.08-T2CAD-ABS.HIPS",
    "raft_first_layer_density": "100%",
    "raft_layers": "5",
    "skeleton_infill_density": "20%",
    "skin_infill_density": "20%",
    "sparse_infill_density": "20%",
    "support_filament": "1",
    "support_interface_bottom_layers": "3",
    "support_interface_filament": "4",
    "support_interface_pattern": "rectilinear_interlaced",
    "support_interface_spacing": "0",
    "support_interface_top_layers": "3",
    "support_remove_small_overhang": "0",
    "support_speed": [
        "50"
    ],
    "support_style": "snug",
    "support_top_z_distance": "0",
    "support_type": "normal(auto)",
    "top_color_penetration_layers": "3",
    "top_shell_layers": "3",
    "top_shell_thickness": "0.4",
    "top_surface_pattern": "alignedrectilinear",
    "version": "2.1.0.15",
    "xy_contour_compensation": "0.113",
    "xy_hole_compensation": "0.046"
}
