{
    "from": "User",
    "independent_support_layer_height": "0",
    "inherits": "0.20mm Standard @BBL X1C",
    "is_infill_first": "1",
    "name": "0.2-T2CAD-PETG",
    "outer_wall_speed": [
        "20"
    ],
    "print_extruder_id": [
        "1"
    ],
    "print_extruder_variant": [
        "Direct Drive Standard"
    ],
    "print_settings_id": "0.2-T2CAD-PETG",
    "raft_first_layer_density": "100%",
    "raft_first_layer_expansion": "1",
    "resolution": "0.0001",
    "skeleton_infill_density": "50%",
    "skin_infill_density": "50%",
    "sparse_infill_density": "50%",
    "sparse_infill_pattern": "triangles",
    "support_filament": "3",
    "support_interface_filament": "4",
    "support_interface_pattern": "rectilinear_interlaced",
    "support_interface_spacing": "0",
    "support_top_z_distance": "0",
    "top_color_penetration_layers": "3",
    "top_one_wall_type": "not apply",
    "top_shell_layers": "3",
    "top_shell_thickness": "0.6",
    "version": "2.1.0.18",
    "wall_loops": "3",
    "wall_sequence": "outer wall/inner wall",
    "xy_contour_compensation": "0.113",
    "xy_hole_compensation": "0.097"
}
