{
    "bottom_shell_layers": "0",
    "bottom_surface_pattern": "alignedrectilinear",
    "bridge_speed": [
        "20"
    ],
    "default_acceleration": [
        "200"
    ],
    "from": "User",
    "gap_infill_speed": [
        "20"
    ],
    "infill_direction": "0",
    "infill_wall_overlap": "17%",
    "inherits": "0.20mm Standard @BBL X1C",
    "initial_layer_acceleration": [
        "50"
    ],
    "initial_layer_infill_speed": [
        "20"
    ],
    "initial_layer_print_height": "0.1",
    "initial_layer_speed": [
        "20"
    ],
    "initial_layer_travel_acceleration": [
        "200"
    ],
    "inner_wall_line_width": "0.5",
    "inner_wall_speed": [
        "20"
    ],
    "internal_solid_infill_line_width": "0.5",
    "internal_solid_infill_pattern": "alignedrectilinear",
    "internal_solid_infill_speed": [
        "20"
    ],
    "ironing_pattern": "concentric",
    "layer_height": "0.1",
    "line_width": "0.5",
    "name": "CLEAR",
    "outer_wall_acceleration": [
        "200"
    ],
    "outer_wall_line_width": "0.5",
    "outer_wall_speed": [
        "5"
    ],
    "overhang_2_4_speed": [
        "20"
    ],
    "overhang_3_4_speed": [
        "20"
    ],
    "print_extruder_id": [
        "1"
    ],
    "print_extruder_variant": [
        "Direct Drive Standard"
    ],
    "print_settings_id": "CLEAR",
    "raft_first_layer_density": "100%",
    "resolution": "0.001",
    "skeleton_infill_density": "100%",
    "skeleton_infill_line_width": "0.5",
    "skin_infill_density": "100%",
    "skin_infill_line_width": "0.5",
    "sparse_infill_density": "100%",
    "sparse_infill_line_width": "0.5",
    "sparse_infill_pattern": "alignedrectilinear",
    "sparse_infill_speed": [
        "20"
    ],
    "support_interface_speed": [
        "20"
    ],
    "support_line_width": "0.5",
    "support_speed": [
        "20"
    ],
    "support_style": "snug",
    "support_type": "normal(auto)",
    "top_shell_layers": "1",
    "top_shell_thickness": "0",
    "top_surface_acceleration": [
        "200"
    ],
    "top_surface_line_width": "0.5",
    "top_surface_pattern": "alignedrectilinear",
    "top_surface_speed": [
        "20"
    ],
    "travel_acceleration": [
        "200"
    ],
    "travel_speed": [
        "300"
    ],
    "version": "1.9.0.24",
    "wall_generator": "arachne",
    "xy_contour_compensation": "0.113",
    "xy_hole_compensation": "0.1"
}
